,county,start_day_of_year,end_day_of_year,state
0,Brown,136,245,WI
1,Pierce,123,235,WI
2,Columbia,123,234,WI
3,Pepin,119,229,WI
4,Dodge,130,240,WI
5,Outagamie,134,241,WI
6,Fond_du_lac,131,239,WI
7,Green_lake,124,235,WI
8,Jefferson,122,234,WI
9,Monroe,121,234,WI
10,Sauk,122,235,WI
11,Dane,121,227,WI
12,Menominee,122,222,WI
13,Winnebago,133,236,WI
14,Shawano,122,225,WI
15,Kingsbury,123,232,SD
16,Marshall,124,236,SD
17,Clark,122,233,SD
18,Day,122,234,SD
19,Beadle,122,231,SD
20,Spink,124,232,SD
21,Brown,122,232,SD
22,Dickey,123,234,ND
23,Butler,135,233,NE
24,Cass,137,230,NE
25,Saunders,140,233,NE
26,Douglas,135,231,NE
27,Lancaster,136,233,NE
28,Platte,124,230,NE
29,Polk,117,223,NE
30,Dodge,126,229,NE
31,Howard,126,226,NE
32,Merrick,130,232,NE
33,Nance,137,235,NE
34,Otoe,148,232,NE
35,Sarpy,137,231,NE
36,Johnson,137,231,NE
37,Nemaha,143,232,NE
38,Freeborn,124,233,MN
39,Dodge,120,234,MN
40,Steele,124,235,MN
41,Fillmore,121,232,MN
42,Mower,122,234,MN
43,Olmsted,123,234,MN
44,Rice,125,237,MN
45,Le_Sueur,129,238,MN
46,Nicollet,127,232,MN
47,Faribault,123,234,MN
48,Winona,122,233,MN
49,Goodhue,122,235,MN
50,Wabasha,123,235,MN
51,Waseca,120,231,MN
52,Carver,124,237,MN
53,Martin,116,231,MN
54,Watonwan,118,231,MN
55,Blue_earth,123,233,MN
56,Scott,129,238,MN
57,Sibley,129,239,MN
58,Dakota,120,236,MN
59,Brown,118,229,MN
60,Henry,133,226,IA
61,Calhoun,120,228,IA
62,Carroll,115,223,IA
63,Jefferson,132,227,IA
64,Clarke,132,232,IA
65,Johnson,129,228,IA
66,Boone,116,225,IA
67,Polk,120,225,IA
68,Emmet,119,235,IA
69,Buena_vista,125,231,IA
70,Mills,137,226,IA
71,Fremont,127,225,IA
