{"openapi":"3.1.0","info":{"title":"Greenness Detection Processor API","description":"\n\n<details>\n<summary>\n<span style=\"font-size: 2em; font-weight: bold;\">📖 <b>API Documentation</b></span></summary>\n\n - 📌 **[Swagger UI](./docs)** – Interactive API testing\n - 📌 **[Swagger UI - Auth0](./docs/auth0)** – Interactive API testing\n - 📌 **[ReDoc](./redoc)** – Detailed API reference\n</details>\n\n","version":"v1.2.0"},"paths":{"/launch":{"post":{"summary":"BrazilFintechGreennessDetection","description":"Trigger the BrazilFintechGreennessDetection processor.","operationId":"trigger_launch_post","security":[{"OAuth2":[]}],"parameters":[{"name":"seasonDuration","in":"query","required":true,"schema":{"type":"integer","description":"Season duration in days (> 0).","title":"Seasonduration"},"description":"Season duration in days (> 0)."},{"name":"seasonStartDay","in":"query","required":true,"schema":{"type":"integer","description":"Season start day (1-31).","title":"Seasonstartday"},"description":"Season start day (1-31)."},{"name":"seasonStartMonth","in":"query","required":true,"schema":{"type":"integer","description":"Season start month (1-12).","title":"Seasonstartmonth"},"description":"Season start month (1-12)."},{"name":"year","in":"query","required":true,"schema":{"type":"integer","description":"Target year.","title":"Year"},"description":"Target year."},{"name":"sowingDate","in":"query","required":true,"schema":{"type":"string","description":"Sowing date in YYYY-MM-DD format.","title":"Sowingdate"},"description":"Sowing date in YYYY-MM-DD format."},{"name":"crop","in":"query","required":true,"schema":{"$ref":"#/components/schemas/Crops","description":"Crop code."},"description":"Crop code."},{"name":"dataSource","in":"query","required":true,"schema":{"$ref":"#/components/schemas/DataSource","description":"Data source code."},"description":"Data source code."}],"requestBody":{"required":true,"content":{"application/json":{"schema":{"$ref":"#/components/schemas/Item"}}}},"responses":{"200":{"description":"Successful response with peak detection","content":{"application/json":{"schema":{"$ref":"#/components/schemas/OutputModel"},"example":{"id":"","data":{"peak_found":true,"max_NDVI_val":0.90497986,"max_NDVI_date":"2023-07-12"}}}}},"400":{"description":"Bad request","content":{"application/json":{"example":{"detail":"Error while requesting time series: Cannot handle HTTP response : 400 : {'errors': {'body': {'': [{'code': None, 'message': 'Invalid WKT'}]}}, 'code': 'invalid_body_error'}"}}}},"401":{"description":"Not authenticated","content":{"application/json":{"example":{"detail":"Not authenticated"}}}},"500":{"description":"Internal Server Error","content":{"application/json":{"example":{"detail":"Error while requesting time series: \"None of ['date'] are in the columns\""}}}},"422":{"description":"Validation Error","content":{"application/json":{"schema":{"$ref":"#/components/schemas/HTTPValidationError"}}}}}}}},"components":{"schemas":{"Crops":{"type":"string","enum":["CORN","SECOND CORN","SOYBEANS","SUGARCANE","COTTON","OTHERS"],"title":"Crops","description":"Args:\n    Enum (Crops): an Enum representing all the accepted crop types"},"DataSource":{"type":"string","enum":["LR","MR"],"title":"DataSource","description":"Args:\n    Enum (DataSOurce): An enumeration representing the different data sources."},"HTTPValidationError":{"properties":{"detail":{"items":{"$ref":"#/components/schemas/ValidationError"},"type":"array","title":"Detail"}},"type":"object","title":"HTTPValidationError"},"Item":{"properties":{"id":{"anyOf":[{"type":"string"},{"type":"null"}],"title":"Id","description":"Optional SeasonField ID.","default":""},"geometry":{"type":"string","title":"Geometry","description":"WKT geometry."}},"type":"object","required":["geometry"],"title":"Item","description":"Minimal input body for API calls."},"OutputModel":{"properties":{"id":{"type":"string","title":"Id"},"data":{"additionalProperties":true,"type":"object","title":"Data"}},"type":"object","required":["id","data"],"title":"OutputModel","description":"Model representing the output data structure.\n\nAttributes\n----------\nid : str\n    The unique identifier for the output data.\ndata : Dict[str, Any]\n    A dictionary containing the output data with dynamic key-value pairs."},"ValidationError":{"properties":{"loc":{"items":{"anyOf":[{"type":"string"},{"type":"integer"}]},"type":"array","title":"Location"},"msg":{"type":"string","title":"Message"},"type":{"type":"string","title":"Error Type"}},"type":"object","required":["loc","msg","type"],"title":"ValidationError"}},"securitySchemes":{"OAuth2":{"type":"oauth2","flows":{"password":{"tokenUrl":"https://identity.preprod.geosys-na.com/v2.1/connect/token","scopes":{}}}}}},"servers":[{"url":"https://greenness-detection-processor.aws-dev.geosys.com/v1"}],"security":[{"OAuth2":[]}]}
